chain,apr,blockTime,blockHeight,inflation,tokenBonded,tokenSupply,tokenCommunity,validatorsActive,validatorsInactive,validatorsTotal,txs,tps,tpb,accountsMonthly,accountsTotal,marketGeckoId,marketPrice,marketCap,marketCapRank,marketFullyDilutedValuation,marketVolume,marketHigh24h,marketLow24h,marketChange24h,marketChangePercentage24h,marketCapChange24h,marketCapChangePercentage24h,marketSupplyCirculating,marketSupplyTotal,marketSupplyMax,marketAth,marketAthDate,marketAtl,marketAtlDate,marketPriceChangePercentage1h,marketPriceChangePercentage24h,marketPriceChangePercentage7d,marketPriceChangePercentage14d,marketPriceChangePercentage30d,marketPriceChangePercentage1y,timestamp,activeAccountCount
cosmos,0.170197,5.9124927,28143666,0.1,273564785,475097433,10338801,200,399,599,90088689,3.201028928,3.201028928,149148,2964308,cosmos,3.26,1548918693,85,1548938907,58168822,3.27,3.12,0.109418,3.474,52278447,3.493,475091265,475097465,0,44.45,1.64238E+12,1.16,1.58407E+12,-0.282,3.474,0.257,-6.484,-20.94,-25.201,1.76152E+12,8548
cosmos,0.170382,5.9117263,28129053,0.1,273176036,474938236,10335617,200,399,599,90063817,3.201807647,3.201807647,149884,2963831,cosmos,3.15,1496640246,84,1496659675,38398794,3.19,3.14,-0.03502158,-1.1,-15475965,-1.023,474933008,474939173,0,44.45,1.64238E+12,1.16,1.58407E+12,-0.232,-1.1,-1.081,0.487,-22.076,-33.015,1.76144E+12,8425
cosmos,0.170358,5.9148769,28114436,0.1,273123116,474779050,10332433,200,399,599,90037547,3.202537906,3.202537906,152980,2961796,cosmos,3.18,1512116210,82,1512135215,73589775,3.22,3.13,0.00265127,0.083,2371444,0.157,474773997,474779964,0,44.45,1.64238E+12,1.16,1.58407E+12,-0.125,0.083,0.276,6.94,-23.414,-33.277,1.76135E+12,6665
cosmos,0.17028,5.9168444,28099828,0.1,273156896,474619982,10329252,200,399,599,90015175,3.203406619,3.203406619,152980,2961796,cosmos,3.18,1509744765,81,1509744765,57040632,3.23,3.11,0.070955,2.281,33916080,2.298,474621615,474621615,0,44.45,1.64238E+12,1.16,1.58407E+12,0.12,2.281,-2.171,-21.382,-23.739,-31.56,1.76126E+12,6613
cosmos,0.170477,5.9324558,28085219,0.1,272749479,474460978,10326072,200,399,599,89986334,3.204046014,3.204046014,158561,2961310,cosmos,3.11,1475828685,81,1475847708,80925830,3.22,3.07,-0.08187279,-2.563,-38595851,-2.549,474455406,474461522,0,44.45,1.64238E+12,1.16,1.58407E+12,1.207,-2.563,-6.112,-25.173,-25.169,-35.004,1.76118E+12,7646
cosmos,0.170546,5.9067058,28070693,0.1,272545426,474302960,10322911,200,399,599,89957405,3.204673465,3.204673465,159732,2960249,cosmos,3.19,1514424535,81,1514445828,98814253,3.37,3.18,-0.08519392,-2.6,-39339300,-2.532,474298097,474304766,0,44.45,1.64238E+12,1.16,1.58407E+12,-1.628,-2.6,-8.041,-21.746,-28.001,-35.103,1.76109E+12,7546
cosmos,0.170499,5.901103,28056063,0.1,272531461,474143812,10319728,200,399,599,89926235,3.205233571,3.205233571,161070,2959857,cosmos,3.28,1553763835,82,1553763835,81729099,3.32,3.19,0.04680665,1.449,23065176,1.507,474145008,474145008,0,44.45,1.64238E+12,1.16,1.58407E+12,-0.513,1.449,-9.863,-23.349,-26.699,-29.487,1.761E+12,7059
cosmos,0.170504,5.908389,28041423,0.1,272433050,473984598,10316544,200,399,599,89899009,3.205936054,3.205936054,162462,2959857,cosmos,3.23,1530698659,82,1530698659,70034747,3.28,3.12,0.04610158,1.448,22563500,1.496,473985772,473985772,0,44.45,1.64238E+12,1.16,1.58407E+12,-1.025,1.448,-7.347,-22.398,-28.132,-27.529,1.76092E+12,7518
cosmos,0.170473,5.9069463,28026797,0.1,272391046,473825655,10313365,200,399,599,89873509,3.206699253,3.206699253,162830,2958798,cosmos,3.18,1508135159,83,1508135159,50873720,3.23,3.15,0.02785053,0.883,13519752,0.905,473826090,473826090,0,44.45,1.64238E+12,1.16,1.58407E+12,0.116,0.883,1.541,-22.95,-31.925,-26.117,1.76083E+12,6931
cosmos,0.170267,5.9124391,28012163,0.1,272628600,473666624,10310185,200,399,599,89847095,3.207431536,3.207431536,162830,2958798,cosmos,3.16,1494615407,83,1494615407,102559867,3.3,3.03,-0.09605192,-2.954,-44545508,-2.894,473666559,473666559,0,44.45,1.64238E+12,1.16,1.58407E+12,-0.659,-2.954,5.943,-26.738,-31.165,-26.606,1.76075E+12,6764
cosmos,0.170261,5.9054413,27997542,0.1,272546658,473507832,10307009,200,399,599,89823143,3.208251031,3.208251031,163507,2957411,cosmos,3.25,1539160915,83,1539183367,102085758,3.42,3.22,-0.08078804,-2.424,-38171057,-2.42,473502086,473508994,0,44.45,1.64238E+12,1.16,1.58407E+12,0.429,-2.424,-19.637,-24.534,-28.425,-26.78,1.76066E+12,7323
cosmos,0.170236,5.9156502,27982913,0.1,272495509,473348994,10303832,200,399,599,89801734,3.209163178,3.209163178,163507,2957411,cosmos,3.33,1577331971,83,1577331971,94462636,3.51,3.3,-0.14208304,-4.089,-67875931,-4.126,473350308,473350308,0,44.45,1.64238E+12,1.16,1.58407E+12,0.222,-4.089,-19.891,-18.516,-26.263,-25.202,1.76057E+12,6951
cosmos,0.170376,5.9298435,27968324,0.1,272179813,473190633,10300665,200,399,599,89773644,3.209832809,3.209832809,164451,2956882,cosmos,3.48,1645207901,84,1645207901,138551017,3.66,3.33,-0.16253879,-4.466,-76342194,-4.434,473191241,473191241,0,44.45,1.64238E+12,1.16,1.58407E+12,0.252,-4.466,-14.536,-15.148,-25.62,-22.731,1.76049E+12,10810
cosmos,0.171839,5.9217018,27953743,0.1,269772122,473032422,10297500,200,399,599,89747810,3.210582926,3.210582926,164979,2956464,cosmos,3.64,1721550095,80,1721550095,126445599,3.66,3.46,0.161271,4.637,76946298,4.679,473034082,473034082,0,44.45,1.64238E+12,1.16,1.58407E+12,0.126,4.637,-14.854,-11.85,-24.601,-15.789,1.7604E+12,8291
cosmos,0.171975,5.9165196,27939141,0.1,269468950,472874026,10294332,200,399,599,89714167,3.211056739,3.211056739,165022,2955759,cosmos,3.48,1644603796,83,1644603796,136550349,3.54,3.05,0.333879,10.613,157632242,10.601,472875317,472875317,0,44.45,1.64238E+12,1.16,1.58407E+12,0.049,10.613,-16.089,-15.591,-26.319,-20.143,1.76031E+12,8928
cosmos,0.17199,5.9176047,27924529,0.1,269355804,472715564,10291163,200,399,599,89675991,3.211369868,3.211369868,164024,2955707,cosmos,3.15,1486971554,85,1486971554,249895839,3.28,2.89,0.153337,5.124,75965886,5.384,472715911,472715911,0,44.45,1.64238E+12,1.16,1.58407E+12,-0.784,5.124,-24.05,-24.03,-33.01,-26.447,1.76023E+12,9117
cosmos,0.172482,5.9145916,27909931,0.1,268496308,472557318,10287998,200,399,599,89622251,3.211124062,3.211124062,165054,2954848,cosmos,2.99,1419617278,89,1419637367,305943834,4.18,2.34,-1.06949257,-26.346,-497564089,-25.953,472552993,472559681,0,44.45,1.64238E+12,1.16,1.58407E+12,4.017,-26.346,-30.488,-27.431,-36.121,-27.651,1.76014E+12,10042
cosmos,0.170162,5.9225212,27895322,0.1,272066148,472398994,10284832,200,399,599,89584832,3.211464345,3.211464345,165054,2954848,cosmos,4.06,1917181366,76,1917181366,94814682,4.18,4,-0.11298694,-2.709,-52972087,-2.689,472401053,472401053,0,44.45,1.64238E+12,1.16,1.58407E+12,-0.213,-2.709,-5.688,0.837,-11.643,-4.061,1.76005E+12,11866
cosmos,0.170193,5.9186144,27880729,0.1,271925738,472240930,10281670,200,399,599,89552417,3.211982621,3.211982621,164246,2952386,cosmos,4.17,1970582538,78,1970582538,95509094,4.2,4.03,0.109447,2.695,54442707,2.841,472236738,472243410,0,44.45,1.64238E+12,1.16,1.58407E+12,-0.165,2.695,1.348,0.25,-8.246,-4.463,1.75997E+12,9781
cosmos,0.170453,5.9209662,27866130,0.1,271420851,472082810,10278508,200,399,599,89525697,3.212706501,3.212706501,162979,2951419,cosmos,4.06,1916265543,78,1916291914,139128780,4.29,4.05,-0.21057196,-4.929,-100590461,-4.987,472078446,472084943,0,44.45,1.64238E+12,1.16,1.58407E+12,-0.412,-4.929,-0.898,-2.061,-9.238,-11.93,1.75988E+12,10765
cosmos,0.170506,5.921247,27851545,0.1,271244808,471924948,10275351,200,399,599,89494752,3.213277827,3.213277827,161585,2951079,cosmos,4.27,2016856003,79,2016883712,120840861,4.3,4.12,0.122103,2.942,56630578,2.889,471920456,471926940,0,44.45,1.64238E+12,1.16,1.58407E+12,-0.12,2.942,3.505,2.936,-2.75,-6.329,1.7598E+12,9270
cosmos,0.170427,5.9167827,27836942,0.1,271280097,471766891,10272190,200,399,599,89457434,3.21362289,3.21362289,161130,2950212,cosmos,4.15,1960225425,78,1960225425,112464148,4.3,4.12,0.01577668,0.381,9219076,0.473,471768903,471768903,0,44.45,1.64238E+12,1.16,1.58407E+12,-0.187,0.381,-0.626,-6.301,-6.691,-9.792,1.75971E+12,10130
cosmos,0.170363,5.9109793,27822334,0.1,271290617,471608853,10269029,200,399,599,89418921,3.213925942,3.213925942,160733,2950212,cosmos,4.14,1951006349,77,1951035077,87110188,4.29,4.09,-0.14588616,-3.407,-69176298,-3.424,471604354,471611298,0,44.45,1.64238E+12,1.16,1.58407E+12,-0.133,-3.407,0.234,-7.305,-6.354,-9.856,1.75962E+12,10815
cosmos,0.170764,5.9246316,27807713,0.1,270562699,471450740,10265867,200,399,599,89386247,3.214440792,3.214440792,156129,2949554,cosmos,4.29,2020182647,77,2020182647,111023759,4.35,4.21,-0.02478966,-0.575,-4715094,-0.233,471452740,471452740,0,44.45,1.64238E+12,1.16,1.58407E+12,-0.468,-0.575,4.008,-4.822,-5.387,-1.972,1.75954E+12,8812
cosmos,0.170462,5.9137258,27793118,0.1,270951647,471293021,10262711,200,399,599,89346970,3.2147156,3.2147156,156129,2949554,cosmos,4.3,2024897741,76,2024925653,165518579,4.32,4.13,0.176584,4.279,81701329,4.204,471288622,471295118,0,44.45,1.64238E+12,1.16,1.58407E+12,0.011,4.279,6.931,-7.959,-2.917,-3.354,1.75945E+12,9650
cosmos,0.170549,5.9160389,27778502,0.1,270723009,471135046,10259551,200,399,599,89301475,3.214769285,3.214769285,155433,2948722,cosmos,4.12,1943196411,78,1943196411,236760509,4.25,4.07,0.03199107,0.782,15805015,0.82,471135554,471135554,0,44.45,1.64238E+12,1.16,1.58407E+12,0.226,0.782,-0.859,-10.018,-5.34,-6.946,1.75936E+12,14732
cosmos,0.170703,5.9069236,27763889,0.1,270387989,470977155,10256394,200,398,598,89255522,3.214806182,3.214806182,154505,2947428,cosmos,4.1,1927391396,74,1927415356,93449020,4.12,3.99,-0.0228258,-0.554,-12465801,-0.643,470971430,470977285,0,44.45,1.64238E+12,1.16,1.58407E+12,-0.156,-0.554,-1.247,-10.199,-9.253,-14.953,1.75928E+12,12876
cosmos,0.170312,5.9025054,27749262,0.1,270917257,470819145,10253234,200,398,598,89224308,3.21537589,3.21537589,154454,2947100,cosmos,4.12,1938678241,77,1938678241,95478628,4.18,4.02,-0.06475711,-1.549,-29457457,-1.497,470819729,470819729,0,44.45,1.64238E+12,1.16,1.58407E+12,-0.304,-1.549,-1.045,-8.921,-8.13,-19.002,1.75919E+12,9701
cosmos,0.170654,5.9032367,27734618,0.1,270284396,470661059,10250072,200,396,596,89200441,3.216213073,3.216213073,156160,2946574,cosmos,4.18,1967191045,75,1967222178,63534354,4.18,4.03,0.064908,1.577,30408365,1.57,470655424,470662872,0,44.45,1.64238E+12,1.16,1.58407E+12,0.073,1.577,-5.527,-10.542,-7.119,-16.039,1.7591E+12,8557
cosmos,0.170866,5.901299,27719977,0.1,269857967,470503014,10246911,200,396,596,89178925,3.217135606,3.217135606,158193,2946246,cosmos,4.12,1936782680,73,1936782680,65244777,4.15,4.06,0.00438823,0.107,2022840,0.105,470504558,470504558,0,44.45,1.64238E+12,1.16,1.58407E+12,-0.548,0.107,-7.709,-14.671,-13.594,-19.644,1.75902E+12,8134
cosmos,0.171034,5.8958875,27705335,0.1,269502649,470345034,10243752,200,396,596,89157507,3.218062767,3.218062767,159415,2945984,cosmos,4.11,1934759840,73,1934759840,79346452,4.18,3.98,0.10757,2.685,49603050,2.631,470345617,470345617,0,44.45,1.64238E+12,1.16,1.58407E+12,-0.212,2.685,-8.623,-12.888,-9.248,-18.13,1.75893E+12,7440
cosmos,0.171266,5.9005317,27690676,0.1,269047311,470186945,10240590,200,396,596,89130414,3.218787941,3.218787941,159415,2945984,cosmos,4.01,1885156790,73,1885156790,115258760,4.16,3.96,-0.13892726,-3.349,-64230892,-3.295,470187387,470187387,0,44.45,1.64238E+12,1.16,1.58407E+12,-0.248,-3.349,-14.25,-14.629,-11.906,-16.597,1.75884E+12,7596
cosmos,0.171728,5.9043682,27676030,0.1,268233258,470029006,10237431,200,396,596,89100020,3.219393099,3.219393099,160541,2945809,cosmos,4.15,1949387681,74,1949387681,74571063,4.22,4.11,0.01063398,0.257,5666878,0.292,470028920,470028920,0,44.45,1.64238E+12,1.16,1.58407E+12,-0.388,0.257,-9.518,-11.391,-6.519,-14.073,1.75876E+12,8632
cosmos,0.171773,5.9324196,27661409,0.1,268073745,469871446,10234279,200,396,596,89067935,3.219934856,3.219934856,163245,2942254,cosmos,4.13,1943720804,73,1943745145,73948570,4.21,4.11,-0.02686067,-0.646,-9985171,-0.511,469866036,469871920,0,44.45,1.64238E+12,1.16,1.58407E+12,-0.381,-0.646,-9.359,-9.755,-14.726,-9.658,1.75867E+12,9396
cosmos,0.171986,5.9292476,27646842,0.1,267650988,469714486,10231140,200,396,596,89028945,3.220221138,3.220221138,164031,2941054,cosmos,4.16,1953705974,75,1953705974,148769842,4.41,4.09,-0.24831485,-5.632,-116479775,-5.627,469714852,469714852,0,44.45,1.64238E+12,1.16,1.58407E+12,0.267,-5.632,-7.951,-8.48,-14.849,-8.185,1.75859E+12,12443
cosmos,0.172294,5.9105963,27632255,0.1,267083916,469557351,10227997,200,394,594,88980837,3.220180076,3.220180076,165611,2939632,cosmos,4.41,2070876742,73,2070910133,86851073,4.51,4.41,-0.04271561,-0.96,-16814341,-0.805,469551148,469558719,0,44.45,1.64238E+12,1.16,1.58407E+12,-0.492,-0.96,-5.685,-1.133,-8.944,-5.855,1.7585E+12,14554
cosmos,0.172301,5.9024022,27617630,0.1,266983141,469399872,10224848,200,394,594,88944456,3.220568021,3.220568021,164486,2938936,cosmos,4.45,2088642173,74,2088674509,67266390,4.5,4.43,-0.02509169,-0.561,-12446605,-0.592,469393746,469401013,0,44.45,1.64238E+12,1.16,1.58407E+12,-0.213,-0.561,-7.771,1.31,-0.558,-1.962,1.75841E+12,10872
cosmos,0.172548,5.8979617,27602981,0.1,266511046,469242197,10221694,200,394,594,88910157,3.221034605,3.221034605,163886,2938022,cosmos,4.48,2101088777,74,2101088777,100167358,4.74,4.46,-0.19636245,-4.2,-93252470,-4.25,469243908,469243908,0,44.45,1.64238E+12,1.16,1.58407E+12,-0.398,-4.2,-5.707,0.624,-0.447,-0.113,1.75833E+12,9050
cosmos,0.172582,5.9028704,27588332,0.1,266369961,469084543,10218541,200,394,594,88874912,3.221467394,3.221467394,163886,2938022,cosmos,4.68,2193213381,72,2193248191,95260937,4.7,4.56,0.068472,1.485,30261029,1.399,469078367,469085812,0,44.45,1.64238E+12,1.16,1.58407E+12,-0.048,1.485,-0.373,6.588,7.986,8.886,1.75824E+12,10998
cosmos,0.1728,5.9072745,27573695,0.1,265944465,468927103,10215392,200,394,594,88845282,3.222102877,3.222102877,167156,2936739,cosmos,4.61,2162952352,72,2162952352,99934254,4.64,4.46,0.065165,1.433,31375417,1.472,468928093,468928093,0,44.45,1.64238E+12,1.16,1.58407E+12,-0.12,1.433,-1.475,1.818,2.362,10.499,1.75815E+12,10662
cosmos,0.172833,5.9470362,27559065,0.1,265804808,468769802,10212246,200,394,594,88817114,3.222791267,3.222791267,167156,2936739,cosmos,4.55,2131627374,71,2131661989,111843496,4.57,4.44,0.03943882,0.875,20883607,0.989,468763792,468771404,0,44.45,1.64238E+12,1.16,1.58407E+12,-0.304,0.875,-0.74,2.572,-1.825,14.849,1.75807E+12,8238
cosmos,0.17309,5.9099757,27544513,0.1,265320959,468613361,10209118,200,394,594,88781558,3.223203039,3.223203039,167149,2935082,cosmos,4.5,2110743767,70,2110772669,105647714,4.67,4.47,-0.13648184,-2.941,-61619728,-2.837,468608180,468614597,0,44.45,1.64238E+12,1.16,1.58407E+12,-0.018,-2.941,-0.897,3.385,-1.977,10.354,1.75798E+12,10094
cosmos,0.173238,5.9136242,27529891,0.1,265005969,468456219,10205975,200,394,594,88754544,3.223933724,3.223933724,167411,2934822,cosmos,4.64,2172646005,69,2172646005,87380118,4.83,4.62,-0.1875248,-3.886,-87430794,-3.868,468457025,468457025,0,44.45,1.64238E+12,1.16,1.58407E+12,-0.897,-3.886,4.013,2.082,4.546,9.853,1.75789E+12,9457
cosmos,0.173291,5.9180567,27515271,0.1,264835199,468299183,10202834,200,394,594,88727601,3.224667531,3.224667531,169155,2934344,cosmos,4.83,2259300923,68,2259336886,131041735,4.88,4.74,0.076052,1.601,35640276,1.603,468293308,468300762,0,44.45,1.64238E+12,1.16,1.58407E+12,0.026,1.601,9.839,7.707,7.808,13.991,1.75781E+12,8804
cosmos,0.173173,5.9081007,27500662,0.1,264927276,468142286,10199696,200,394,594,88696904,3.225264323,3.225264323,169155,2934344,cosmos,4.75,2223386030,67,2223424379,89596077,4.75,4.61,0.05635,1.2,26520885,1.207,468136102,468144176,0,44.45,1.64238E+12,1.16,1.58407E+12,0.02,1.2,6.718,5.512,-1.688,15.354,1.75772E+12,10746
cosmos,0.173704,5.9086747,27486034,0.1,264029479,467985238,10196555,200,394,594,88666327,3.225868345,3.225868345,171224,2931264,cosmos,4.69,2196455765,68,2196455765,80965574,4.7,4.61,0.01232123,0.263,7395437,0.338,467986140,467986140,0,44.45,1.64238E+12,1.16,1.58407E+12,-0.148,0.263,6.237,-1.547,-0.817,12.95,1.75764E+12,9840
cosmos,0.173582,5.9115203,27471410,0.1,264126400,467828296,10193416,200,394,594,88634713,3.226434792,3.226434792,171224,2931264,cosmos,4.68,2189060328,66,2189098537,109174744,4.71,4.56,0.095292,2.078,41946633,1.954,467821687,467829852,0,44.45,1.64238E+12,1.16,1.58407E+12,-0.182,2.078,3.347,3.253,4.141,13.428,1.75755E+12,9211
cosmos,0.173639,5.9204811,27456792,0.1,263950840,467671503,10190280,200,394,594,88604778,3.227062288,3.227062288,173305,2930874,cosmos,4.59,2147113695,65,2147113695,117381255,4.67,4.5,0.04703312,1.035,23005471,1.083,467673177,467673177,0,44.45,1.64238E+12,1.16,1.58407E+12,-0.05,1.035,3.566,0.938,-1.134,12.46,1.75746E+12,10550
cosmos,0.173846,5.9111218,27442192,0.1,263548079,467514913,10187149,200,394,594,88578496,3.227821451,3.227821451,175089,2929792,cosmos,4.54,2124108225,67,2124108225,110956895,4.59,4.48,0.04840088,1.077,23246851,1.107,467516136,467516136,0,44.45,1.64238E+12,1.16,1.58407E+12,-0.019,1.077,4.278,2.411,-4.176,20.752,1.75738E+12,10352
cosmos,0.173449,5.9141859,27427572,0.1,264062134,467358172,10184014,200,394,594,88552047,3.228577688,3.228577688,175807,2929035,cosmos,4.49,2100861374,65,2100892791,71112463,4.51,4.41,0.077247,1.751,39326254,1.908,467352866,467359855,0,44.45,1.64238E+12,1.16,1.58407E+12,0.392,1.751,-0.519,-6.649,-2.529,22.528,1.75729E+12,9762
cosmos,0.17359,5.9145387,27412954,0.1,263759945,467201494,10180880,200,394,594,88526877,3.229381153,3.229381153,176033,2928241,cosmos,4.41,2061535120,64,2061535120,55357354,4.46,4.37,-0.02447184,-0.551,-11993431,-0.578,467202898,467202898,0,44.45,1.64238E+12,1.16,1.58407E+12,-0.225,-0.551,-1.775,-9.682,-0.258,18.803,1.7572E+12,8811
cosmos,0.173493,5.9123019,27398346,0.1,263819181,467044983,10177750,200,394,594,88492445,3.229846247,3.229846247,176445,2927679,cosmos,4.44,2073528550,65,2073528550,110756100,4.55,4.37,0.0425286,0.967,20269705,0.987,467045862,467045862,0,44.45,1.64238E+12,1.16,1.58407E+12,-0.312,0.967,-1.392,-8.307,2.981,13.639,1.75712E+12,9129
cosmos,0.173476,5.9075924,27383728,0.1,263755821,466888410,10174618,200,394,594,88456828,3.230269743,3.230269743,176242,2927182,cosmos,4.4,2053258846,66,2053258846,88307432,4.54,4.34,-0.12255384,-2.712,-56144179,-2.662,466888721,466888721,0,44.45,1.64238E+12,1.16,1.58407E+12,0.081,-2.712,-5.862,-1.774,5.78,6.437,1.75703E+12,9682
cosmos,0.173402,5.9085757,27369084,0.1,263781039,466731815,10171487,200,394,594,88434803,3.231193379,3.231193379,177006,2926545,cosmos,4.52,2109403025,64,2109403025,83852573,4.56,4.41,0.097496,2.204,45151465,2.187,466733153,466733153,0,44.45,1.64238E+12,1.16,1.58407E+12,-0.082,2.204,-0.266,0.486,4.67,8.449,1.75694E+12,8650
cosmos,0.173432,5.9176038,27354473,0.1,263645713,466575272,10168356,200,394,594,88412622,3.232108401,3.232108401,174794,2925628,cosmos,4.43,2064251559,64,2064251559,83122585,4.46,4.36,0.04276063,0.975,18636084,0.911,466575261,466575261,0,44.45,1.64238E+12,1.16,1.58407E+12,-0.055,0.975,-2.728,2.175,3.491,-0.223,1.75686E+12,8787
cosmos,0.173829,5.8844596,27339843,0.1,262954989,466418707,10165224,200,394,594,88387472,3.232918053,3.232918053,178130,2925326,cosmos,4.38,2045615475,63,2045615475,116505299,4.59,4.34,-0.08497834,-1.901,-38313830,-1.839,466420236,466420236,0,44.45,1.64238E+12,1.16,1.58407E+12,0.89,-1.901,-1.173,-2.675,7.042,-0.142,1.75677E+12,8708
cosmos,0.173512,5.8872274,27325163,0.1,263347072,466261691,10162084,200,394,594,88359636,3.233636191,3.233636191,178203,2924474,cosmos,4.47,2083929305,62,2083959608,65268374,4.61,4.47,-0.03543948,-0.787,-14987056,-0.714,466256045,466262825,0,44.45,1.64238E+12,1.16,1.58407E+12,-1.004,-0.787,-7.108,-4.238,6.77,-1.981,1.75668E+12,10154
cosmos,0.174031,5.8902248,27310494,0.1,262473541,466104857,10158947,200,393,593,88333974,3.234433401,3.234433401,178342,2924216,cosmos,4.5,2098916360,63,2098947748,65055895,4.56,4.44,0.00972006,0.216,5957846,0.285,466099501,466106471,0,44.45,1.64238E+12,1.16,1.58407E+12,0.161,0.216,-7.864,-2.04,5.885,-3.066,1.7566E+12,9760
cosmos,0.174099,5.8983626,27295824,0.1,262283387,465948043,10155811,200,393,593,88311043,3.235331639,3.235331639,179280,2922918,cosmos,4.49,2092958514,61,2092984964,139482640,4.8,4.43,-0.30764397,-6.416,-140668482,-6.298,465943234,465949123,0,44.45,1.64238E+12,1.16,1.58407E+12,0.327,-6.416,-6.759,0.119,2.437,-2.22,1.75651E+12,7608
cosmos,0.173592,5.8973302,27281181,0.1,262960774,465791680,10152682,200,393,593,88287806,3.236216423,3.236216423,179280,2922918,cosmos,4.8,2234572117,61,2234605982,115225952,4.8,4.48,0.303829,6.762,141901611,6.781,465785591,465792650,0,44.45,1.64238E+12,1.16,1.58407E+12,0.64,6.762,7.158,7.152,4.384,5.09,1.75643E+12,7758
cosmos,0.173752,5.9023661,27266534,0.1,262630537,465635228,10149553,200,393,593,88263724,3.237071642,3.237071642,179513,2922041,cosmos,4.49,2092670506,63,2092697288,90603956,4.59,4.48,-0.03467152,-0.766,-14372471,-0.682,465629931,465635891,0,44.45,1.64238E+12,1.16,1.58407E+12,-0.734,-0.766,-0.145,-7.021,-2.9,-0.646,1.75634E+12,9771
cosmos,0.173811,5.9084746,27251899,0.1,262453642,465478936,10146427,200,392,592,88234662,3.237743616,3.237743616,179513,2922041,cosmos,4.53,2107042977,63,2107072359,131299518,4.58,4.4,0.102418,2.315,51657003,2.513,465472391,465478882,0,44.45,1.64238E+12,1.16,1.58407E+12,-0.475,2.315,4.454,-4.341,-6.656,-7.628,1.75625E+12,9961
cosmos,0.173796,5.915814,27237278,0.1,262387199,465322920,10143306,200,392,592,88200335,3.238221345,3.238221345,177739,2920653,cosmos,4.42,2059021047,61,2059021047,197674917,4.84,4.4,-0.37597422,-7.841,-169560734,-7.608,465324521,465324521,0,44.45,1.64238E+12,1.16,1.58407E+12,-0.863,-7.841,-1.91,-1.682,-8.031,-13.853,1.75617E+12,9510
cosmos,0.174037,5.9064589,27222665,0.1,261935878,465166967,10140188,200,392,592,88164023,3.238625719,3.238625719,171946,2917327,cosmos,4.79,2228581781,61,2228581781,139845458,4.96,4.66,-0.09563897,-1.957,-43485344,-1.914,465167041,465167041,0,44.45,1.64238E+12,1.16,1.58407E+12,-0.332,-1.957,3.439,3.168,1.86,-9.117,1.75608E+12,9662
cosmos,0.174181,5.9112353,27208030,0.1,261632632,465010853,10137065,200,392,592,88131259,3.239163548,3.239163548,170512,2913696,cosmos,4.88,2272244631,61,2272244631,156766495,4.93,4.68,0.05917,1.226,26772053,1.192,465012388,465012388,0,44.45,1.64238E+12,1.16,1.58407E+12,0.086,1.226,6.299,3.024,4.347,-4.435,1.75599E+12,9556
cosmos,0.171797,5.9114303,27193411,0.1,265174425,464855007,10133947,200,391,591,88092480,3.239478858,3.239478858,169020,2910238,cosmos,4.83,2245472577,61,2245502037,190075212,4.85,4.31,0.403411,9.119,193689963,9.44,464849175,464855273,0,44.45,1.64238E+12,1.16,1.58407E+12,0.273,9.119,7.699,4.795,3.57,3.239,1.75591E+12,14860
cosmos,0.171762,5.9110132,27178788,0.1,265139057,464699125,10130830,200,391,591,88055238,3.239851534,3.239851534,172083,2909897,cosmos,4.42,2053774758,61,2053774758,96241460,4.51,4.41,-0.05281204,-1.18,-25102131,-1.207,464700735,464700735,0,44.45,1.64238E+12,1.16,1.58407E+12,-1.205,-1.18,-1.203,-0.034,-12.413,-7.297,1.75582E+12,12126
cosmos,0.172115,5.9085849,27164173,0.1,264507246,464543360,10127714,200,391,591,88020424,3.24031304,3.24031304,174548,2909182,cosmos,4.47,2078876888,61,2078876888,82153668,4.5,4.27,0.175035,4.073,86933417,4.364,464543733,464543733,0,44.45,1.64238E+12,1.16,1.58407E+12,-0.663,4.073,-7.452,3.731,-13.558,-6.398,1.75573E+12,11070
cosmos,0.172137,5.9242949,27149549,0.1,264383893,464387626,10124600,200,391,591,87996628,3.241181944,3.241181944,174548,2909182,cosmos,4.29,1996391677,61,1996419104,108775110,4.5,4.29,-0.17740833,-3.972,-77283581,-3.727,464381171,464387551,0,44.45,1.64238E+12,1.16,1.58407E+12,-1.065,-3.972,-9.337,3.194,-17.762,-7.131,1.75565E+12,7695
cosmos,0.172706,5.9170158,27134956,0.1,263424686,464232209,10121491,200,391,591,87969591,3.24192864,3.24192864,170076,2902357,cosmos,4.47,2073675257,60,2073707171,113618413,4.64,4.39,-0.16802314,-3.624,-78105443,-3.63,464225842,464232987,0,44.45,1.64238E+12,1.16,1.58407E+12,-1.06,-3.624,-0.589,3.442,-10.299,-3.166,1.75556E+12,8295
cosmos,0.172773,5.9125823,27120357,0.1,263233860,464076760,10118382,200,391,591,87923576,3.241977088,3.241977088,172296,2899451,cosmos,4.64,2151780699,60,2151780699,90692199,4.74,4.55,0.062054,1.357,30576610,1.441,464070310,464070310,0,44.45,1.64238E+12,1.16,1.58407E+12,-0.575,1.357,-0.156,8.381,-5.16,0.075,1.75548E+12,13262
cosmos,0.172753,5.9173412,27105746,0.1,263176210,463921278,10115273,200,391,591,87883402,3.242242512,3.242242512,174321,2896493,cosmos,4.57,2121204089,60,2121204089,74841504,4.6,4.45,0.121852,2.737,56061251,2.715,463922534,463922534,0,44.45,1.64238E+12,1.16,1.58407E+12,-0.468,2.737,-3.53,11.67,-5.397,0.394,1.75539E+12,10635
cosmos,0.172988,5.9252879,27091147,0.1,262730611,463765954,10112166,200,390,590,87848125,3.242687547,3.242687547,173763,2895373,cosmos,4.45,2064449995,61,2064476037,127265601,4.62,4.35,-0.07561511,-1.67,-32273844,-1.539,463761157,463767007,0,44.45,1.64238E+12,1.16,1.58407E+12,-0.449,-1.67,-3.324,6.423,-8.304,-1.743,1.7553E+12,9124
cosmos,0.173057,5.9415292,27076567,0.1,262539321,463610927,10109066,200,390,590,87820431,3.243410843,3.243410843,173673,2894713,cosmos,4.53,2099631500,63,2099631500,158562292,4.91,4.46,-0.33208186,-6.832,-153541457,-6.814,463612841,463612841,0,44.45,1.64238E+12,1.16,1.58407E+12,0.542,-6.832,2.359,6.519,-2.301,-4.983,1.75522E+12,8566
cosmos,0.174123,5.9679568,27062041,0.1,260844388,463456505,10105977,200,390,590,87786211,3.243887296,3.243887296,173673,2894713,cosmos,4.86,2252286045,61,2252313268,155446620,4.88,4.66,0.155201,3.298,72726810,3.337,463451190,463456792,0,44.45,1.64238E+12,1.16,1.58407E+12,-0.338,3.298,12.118,10.896,6.377,-3.285,1.75513E+12,12103
cosmos,0.171982,5.9511451,27047552,0.1,264003859,463302517,10102898,200,390,590,87732148,3.243626188,3.243626188,173674,2891812,cosmos,4.7,2178638203,62,2178638203,125678712,4.77,4.48,0.211264,4.705,99076514,4.764,463302814,463302814,0,44.45,1.64238E+12,1.16,1.58407E+12,-0.252,4.705,11.961,2.169,0.598,-6.509,1.75504E+12,14868
cosmos,0.171605,5.9177071,27033020,0.1,264495364,463148112,10099809,200,390,590,87696153,3.244038328,3.244038328,176195,2891317,cosmos,4.49,2081575953,62,2081604837,124019094,4.77,4.46,-0.16895065,-3.623,-76574127,-3.548,463142174,463148601,0,44.45,1.64238E+12,1.16,1.58407E+12,0.19,-3.623,3.875,-2.877,-1.895,-8.957,1.75496E+12,11442
cosmos,0.167812,5.8494013,27018375,0.1,270383852,462992506,10096697,200,390,590,87662837,3.244563635,3.244563635,176168,2890769,cosmos,4.66,2158150079,61,2158178343,93687231,4.8,4.59,-0.06356752,-1.344,-30177430,-1.379,462986548,462992612,0,44.45,1.64238E+12,1.16,1.58407E+12,0.259,-1.344,9.309,-4.258,0.784,-10.702,1.75487E+12,10280
cosmos,0.167607,5.8567498,27003601,0.1,270621635,462835656,10093560,200,390,590,87630812,3.245152822,3.245152822,175415,2890432,cosmos,4.73,2188327509,61,2188353608,112530028,4.79,4.6,0.126021,2.737,57981553,2.722,462830179,462835699,0,44.45,1.64238E+12,1.16,1.58407E+12,-0.042,2.737,15.108,-1.252,2.584,-7.144,1.75478E+12,9739
cosmos,0.167591,5.8545326,26988846,0.1,270556103,462679041,10090428,200,390,590,87588620,3.245363659,3.245363659,175415,2890432,cosmos,4.61,2130015729,61,2130046360,207756409,4.64,4.44,0.139461,3.123,65555772,3.175,462673215,462679868,0,44.45,1.64238E+12,1.16,1.58407E+12,-0.012,3.123,10.062,-2.078,5.988,-10.067,1.7547E+12,11233
cosmos,0.167556,5.8597268,26974088,0.1,270522029,462522478,10087297,200,390,590,87544622,3.245508134,3.245508134,175094,2889485,cosmos,4.47,2064459957,62,2064459957,89153528,4.47,4.3,0.136078,3.142,61784456,3.085,462523231,462523231,0,44.45,1.64238E+12,1.16,1.58407E+12,0.577,3.142,5.058,-4.539,7.522,-7.68,1.75461E+12,10272
cosmos,0.167627,5.8522358,26959334,0.1,270315550,462365989,10084167,200,390,590,87504419,3.245793053,3.245793053,175094,2889485,cosmos,4.33,2002675501,62,2002675501,91309265,4.34,4.14,0.105431,2.495,49151214,2.516,462366085,462366085,0,44.45,1.64238E+12,1.16,1.58407E+12,-0.131,2.495,-1.219,-7.085,7.515,-12.807,1.75452E+12,8958
cosmos,0.167884,5.8592056,26944566,0.1,269810834,462209416,10081035,200,389,589,87475124,3.246484801,3.246484801,175253,2888833,cosmos,4.23,1953504508,63,1953530047,108281847,4.31,4.15,-0.08660715,-2.008,-39682509,-1.991,462203850,462209893,0,44.45,1.64238E+12,1.16,1.58407E+12,0.657,-2.008,-8.148,-16.48,3.046,-10.682,1.75444E+12,8819
cosmos,0.168015,5.8569299,26929816,0.1,269508701,462053046,10077908,200,389,589,87450437,3.24734625,3.24734625,175418,2886796,cosmos,4.31,1993187016,63,1993214719,100557907,4.34,4.24,0.03691078,0.863,18748859,0.95,462047387,462053809,0,44.45,1.64238E+12,1.16,1.58407E+12,-0.361,0.863,-6.813,-17.145,7.642,-16.074,1.75435E+12,8450
cosmos,0.168245,5.8627209,26915060,0.1,269049410,461896726,10074781,200,389,589,87425101,3.248185254,3.248185254,176189,2886544,cosmos,4.27,1974547673,63,1974547673,72797128,4.28,4.06,0.176271,4.301,80270368,4.238,461897743,461897743,0,44.45,1.64238E+12,1.16,1.58407E+12,0.169,4.301,-12.254,-17.183,6.281,-16.553,1.75427E+12,8681
cosmos,0.168352,5.8542905,26900313,0.1,268788070,461740524,10071657,200,389,589,87401945,3.249105131,3.249105131,173668,2885957,cosmos,4.1,1894277305,64,1894303417,101103917,4.19,4.02,-0.05469303,-1.317,-22947690,-1.197,461735144,461741509,0,44.45,1.64238E+12,1.16,1.58407E+12,-0.376,-1.317,-14.43,-17.706,-2.311,-23.035,1.75418E+12,8510
cosmos,0.168406,5.8593555,26885555,0.1,268609830,461584257,10068532,200,389,589,87379408,3.250050371,3.250050371,173155,2885621,cosmos,4.15,1917224994,64,1917224994,170876657,4.25,4.08,-0.06063029,-1.439,-26087732,-1.342,461584141,461584141,0,44.45,1.64238E+12,1.16,1.58407E+12,1.163,-1.439,-11.656,-13.9,-1.46,-28.244,1.75409E+12,7721
cosmos,0.16885,5.8692681,26870799,0.1,267812774,461428065,10065408,200,389,589,87350642,3.250764594,3.250764594,173155,2885621,cosmos,4.21,1943312726,64,1943312726,125069475,4.51,4.21,-0.20887169,-4.725,-95868195,-4.701,461429240,461429240,0,44.45,1.64238E+12,1.16,1.58407E+12,-0.323,-4.725,-9.993,-13.498,6.798,-27.78,1.75401E+12,12438
cosmos,0.168716,5.8735047,26856076,0.1,267935497,461272298,10062293,200,389,589,87323980,3.25155395,3.25155395,173987,2884653,cosmos,4.42,2039180921,63,2039212491,155811879,4.61,4.29,-0.18992557,-4.12,-86242572,-4.058,461265802,461272943,0,44.45,1.64238E+12,1.16,1.58407E+12,0.977,-4.12,-5.179,-9,7.513,-26.077,1.75392E+12,10715
cosmos,0.168954,5.8823654,26841368,0.1,267468043,461116698,10059181,200,389,589,87298418,3.252383336,3.252383336,172628,2883756,cosmos,4.6,2121845468,62,2121845468,129652183,4.76,4.53,-0.02195484,-0.474,-12613048,-0.591,461117269,461117269,0,44.45,1.64238E+12,1.16,1.58407E+12,0.173,-0.475,-8.806,-0.655,12.869,-24.971,1.75383E+12,8700
cosmos,0.168878,5.8810427,26826677,0.1,267497275,460961361,10056074,200,389,589,87270462,3.25312233,3.25312233,172357,2882786,cosmos,4.63,2134458515,62,2134458515,131436871,4.93,4.62,-0.24333296,-4.997,-106805081,-4.765,460961922,460961922,0,44.45,1.64238E+12,1.16,1.58407E+12,-0.042,-4.997,-11.111,1.215,15.503,-25.412,1.75375E+12,10687
cosmos,0.169085,5.8762378,26811982,0.1,267080791,460806035,10052967,200,389,589,87239969,3.253767998,3.253767998,171674,2882619,cosmos,4.87,2241263596,62,2241263596,69384918,4.88,4.74,0.095985,2.012,43926401,1.999,460807018,460807018,0,44.45,1.64238E+12,1.16,1.58407E+12,-0.287,2.012,-5.732,4.121,23.814,-23.624,1.75366E+12,11224
cosmos,0.169064,5.8765935,26797272,0.1,267024034,460650592,10049858,200,389,589,87213952,3.254583228,3.254583228,171395,2882200,cosmos,4.77,2197337196,62,2197337196,65814018,4.83,4.68,0.061037,1.296,28933505,1.334,460650814,460650814,0,44.45,1.64238E+12,1.16,1.58407E+12,-0.455,1.296,-4.235,4.136,21.82,-22.667,1.75357E+12,11054
cosmos,0.16898,5.8819938,26782567,0.1,267066866,460495254,10046752,200,389,589,87191856,3.255545146,3.255545146,170786,2882200,cosmos,4.71,2167899886,63,2167927134,132884226,4.72,4.53,0.080756,1.746,38736075,1.819,460489699,460495487,0,44.45,1.64238E+12,1.16,1.58407E+12,0.128,1.746,-2.457,1.688,17.812,-20.196,1.75349E+12,9389
cosmos,0.168887,5.8752657,26767876,0.1,267122564,460340106,10043649,200,389,589,87169605,3.256500628,3.256500628,168941,2882200,cosmos,4.63,2129163811,62,2129163811,145967353,4.8,4.5,-0.07246817,-1.543,-32770174,-1.516,460341109,460341109,0,44.45,1.64238E+12,1.16,1.58407E+12,-1.15,-1.543,-4.998,0.302,13.329,-23.487,1.7534E+12,7933
cosmos,0.168839,5.8946963,26753175,0.1,267109388,460184947,10040545,200,389,589,87146050,3.257409635,3.257409635,166889,2880986,cosmos,4.7,2161933984,62,2161933984,182652465,5.13,4.6,-0.41097665,-8.045,-188560631,-8.022,460185222,460185222,0,44.45,1.64238E+12,1.16,1.58407E+12,-0.215,-8.045,-1.68,8.059,14.866,-24.154,1.75332E+12,8330
cosmos,0.168765,5.9019757,26738511,0.1,267135825,460030189,10037450,200,389,589,87117308,3.258121142,3.258121142,161855,2879167,cosmos,5.11,2349958544,62,2349997028,161062099,5.2,4.94,-0.08531222,-1.641,-41669519,-1.742,460023679,460031213,0,44.45,1.64238E+12,1.16,1.58407E+12,1.026,-1.641,10.278,23.071,38.507,-18.865,1.75323E+12,11154
cosmos,0.168207,5.8878667,26723860,0.1,267932266,459875630,10034359,200,389,589,87087511,3.258792368,3.258792368,161855,2879167,cosmos,5.2,2391628063,59,2391663938,159583361,5.31,5.08,0.02221928,0.429,10474785,0.44,459869555,459876453,0,44.45,1.64238E+12,1.16,1.58407E+12,-0.071,0.429,13.734,29.049,37.782,-20.334,1.75314E+12,11042
cosmos,0.167776,5.8777979,26709172,0.1,268529453,459720712,10031261,200,389,589,87049323,3.259154683,3.259154683,158428,2877977,cosmos,5.17,2379587819,58,2379587819,148701675,5.27,5,0.153934,3.066,72942996,3.162,459721397,459721397,0,44.45,1.64238E+12,1.16,1.58407E+12,0.172,3.066,10.714,26.146,32.267,-20.616,1.75306E+12,15617
cosmos,0.167848,5.8693417,26694468,0.1,268324940,459565699,10028160,200,389,589,87014193,3.259633906,3.259633906,158428,2877977,cosmos,5.02,2306644823,58,2306644823,112594207,5.03,4.78,0.166529,3.432,79999354,3.593,459565983,459565983,0,44.45,1.64238E+12,1.16,1.58407E+12,0.732,3.432,9.55,25.087,23.489,-23.104,1.75297E+12,15630
cosmos,0.16757,5.9819193,26670213,0.1,268620882,459310324,10023053,200,388,588,86968747,3.260894354,3.260894354,152811,2876516,cosmos,5.1,2338283582,58,2338283582,211840628,5.14,4.72,0.327414,6.867,149241425,6.818,459307405,459307405,0,44.45,1.64238E+12,1.16,1.58407E+12,-0.38,6.866,10.242,25.721,25.921,-21.489,1.75288E+12,9331
cosmos,0.16647,6.035152,26665038,0.1,270362470,459255741,10021959,200,388,588,86955685,3.261037355,3.261037355,149627,2876349,cosmos,4.88,2244002071,58,2244030687,159885138,4.89,4.65,0.132302,2.786,60538293,2.773,459249916,459255772,0,44.45,1.64238E+12,1.16,1.58407E+12,0.202,2.786,5.848,16.319,21.095,-25.017,1.7528E+12,13933
cosmos,0.166041,5.9014774,26650618,0.1,270971956,459103885,10018921,200,388,588,86926134,3.261692993,3.261692993,147532,2875598,cosmos,4.75,2180574350,59,2180574350,129315872,4.87,4.62,0.077903,1.668,32039722,1.491,459104274,459104274,0,44.45,1.64238E+12,1.16,1.58407E+12,-0.674,1.668,9.246,12.65,13.007,-28.02,1.75271E+12,11087
cosmos,0.165743,5.9358385,26636000,0.1,271367916,458950016,9799534,200,388,588,86896777,3.262380876,3.262380876,144556,2875265,cosmos,4.67,2148534627,61,2148566116,128491543,4.7,4.44,0.119259,2.619,59350470,2.841,458943721,458950448,0,44.45,1.64238E+12,1.16,1.58407E+12,0.908,2.619,12.484,18.497,14.319,-27.342,1.75262E+12,12058
cosmos,0.165499,5.9300636,26621435,0.1,271677902,458796714,9796468,200,388,588,86871515,3.26321684,3.26321684,144556,2875265,cosmos,4.55,2089184158,57,2089184158,135733514,4.85,4.51,-0.13126685,-2.802,-58520157,-2.725,458797051,458797051,0,44.45,1.64238E+12,1.16,1.58407E+12,-0.413,-2.802,13.035,10.761,11.341,-27.234,1.75254E+12,9511
cosmos,0.165136,5.9269284,26606863,0.1,272183486,458643369,9793401,200,388,588,86841457,3.263874324,3.263874324,141248,2874702,cosmos,4.68,2147704314,57,2147704314,84555947,4.75,4.57,0.095121,2.073,44351302,2.109,458643864,458643864,0,44.45,1.64238E+12,1.16,1.58407E+12,0.159,2.073,14.19,11.046,13.517,-24.789,1.75245E+12,12027
cosmos,0.165025,5.9080766,26592281,0.1,272275825,458490002,9790334,200,388,588,86816226,3.264715276,3.264715276,137893,2873872,cosmos,4.59,2102978262,55,2103009131,98753963,4.72,4.51,-0.06113686,-1.315,-26897840,-1.263,458483987,458490717,0,44.45,1.64238E+12,1.16,1.58407E+12,0.27,-1.315,14.353,14.549,7.951,-25.074,1.75236E+12,10679
cosmos,0.164686,5.9120453,26577654,0.1,272745122,458336202,9787258,200,388,588,86793187,3.265645154,3.265645154,138393,2873258,cosmos,4.65,2129876101,55,2129906340,200020380,4.78,4.57,0.03657366,0.793,21629367,1.026,458330725,458337232,0,44.45,1.64238E+12,1.16,1.58407E+12,0.61,0.793,15.577,18.288,3.964,-21.93,1.75228E+12,9511
cosmos,0.164417,5.9502741,26563055,0.1,273100284,458182706,9784187,200,388,588,86754815,3.265995383,3.265995383,138393,2873258,cosmos,4.61,2108246734,54,2108246734,119823435,4.62,4.29,0.298272,6.916,134041878,6.79,458183883,458183883,0,44.45,1.64238E+12,1.16,1.58407E+12,0.154,6.916,9.893,17.762,0.261,-23.263,1.75219E+12,17025
cosmos,0.163355,5.9102788,26548499,0.1,274783009,458029840,9781129,200,388,588,86726376,3.266714853,3.266714853,136541,2872156,cosmos,4.31,1976723080,55,1976748378,109614794,4.36,4.1,0.183474,4.445,85474087,4.519,458024377,458030239,0,44.45,1.64238E+12,1.16,1.58407E+12,-0.669,4.445,2.273,7.929,-2.838,-27.388,1.75211E+12,11853
cosmos,0.163239,5.9149129,26533870,0.1,274886923,457876184,9778056,200,388,588,86702255,3.267606836,3.267606836,135521,2871906,cosmos,4.13,1890926536,56,1890926536,71303179,4.17,4,0.085067,2.104,40467955,2.187,457876951,457876951,0,44.45,1.64238E+12,1.16,1.58407E+12,-0.624,2.104,4.688,1.152,-3.428,-29.292,1.75202E+12,10092
cosmos,0.162798,5.9076797,26519251,0.1,275539163,457722695,9774987,200,388,588,86679925,3.268566107,3.268566107,135133,2871657,cosmos,4.04,1850458580,57,1850458580,51492881,4.11,4.02,-0.03468386,-0.851,-13915083,-0.746,457723598,457723598,0,44.45,1.64238E+12,1.16,1.58407E+12,0.376,-0.851,-1.65,-1.142,-6.473,-30.656,1.75193E+12,10002
cosmos,0.162811,5.9188129,26504637,0.1,275424243,457569289,9771918,200,388,588,86656407,3.269480997,3.269480997,135793,2871428,cosmos,4.08,1864373663,56,1864397694,53740952,4.13,3.98,0.067423,1.682,30631455,1.67,457564021,457569919,0,44.45,1.64238E+12,1.16,1.58407E+12,-0.734,1.682,-3.351,10.438,-3.794,-33.137,1.75185E+12,10475
cosmos,0.162855,5.9112203,26490032,0.1,275257371,457416029,9768853,200,388,588,86638317,3.270600692,3.270600692,135377,2870182,cosmos,4.01,1833751156,57,1833780177,43015113,4.03,3.95,0.00578717,0.145,3605030,0.197,457409829,457417068,0,44.45,1.64238E+12,1.16,1.58407E+12,-0.02,0.145,0.1,6.263,-2.388,-30.008,1.75176E+12,8086
cosmos,0.162912,5.9201921,26475418,0.1,275068561,457262737,9765787,200,388,588,86620633,3.27173807,3.27173807,135377,2870182,cosmos,4,1830731785,58,1830731785,70685786,4.2,3.97,-0.17612188,-4.215,-78926745,-4.133,457263261,457263261,0,44.45,1.64238E+12,1.16,1.58407E+12,-0.45,-4.215,1.85,2.324,-6.754,-34.502,1.75167E+12,6527
cosmos,0.163576,5.9187465,26460821,0.1,273860971,457109695,9762727,200,387,587,86599626,3.27274902,3.27274902,136078,2870182,cosmos,4.18,1909658529,57,1909685334,76619557,4.26,4.16,0.00505753,0.121,2410030,0.126,457104002,457110418,0,44.45,1.64238E+12,1.16,1.58407E+12,-0.434,0.121,6.72,2.836,-5.764,-33.981,1.75159E+12,8834
cosmos,0.163382,6.0545643,26446233,0.1,274094768,456828537,9759414,200,386,586,86577132,3.273703744,3.273703744,136688,2869787,cosmos,4.17,1908063698,57,1908092713,87258422,4.25,3.92,0.243541,6.197,113061909,6.299,456950851,456957799,0,44.45,1.64238E+12,1.16,1.58407E+12,-1.005,6.197,4.473,3.359,-6.435,-38.743,1.7515E+12,9727
cosmos,0.163334,5.8968154,26431879,0.1,274084982,456806378,9756660,200,386,586,86555536,3.274664506,3.274664506,137233,2868045,cosmos,3.93,1795001788,58,1795024967,57198812,4.11,3.92,-0.16785785,-4.096,-79313188,-4.232,456800982,456806881,0,44.45,1.64238E+12,1.16,1.58407E+12,-0.634,-4.096,-3.706,-2.498,-10.098,-42.084,1.75141E+12,9031
cosmos,0.163352,5.919356,26417235,0.1,273962809,456652986,9753592,200,386,586,86533436,3.275643193,3.275643193,136763,2867877,cosmos,4.1,1872366751,57,1872366751,70143307,4.23,4.07,-0.10859979,-2.581,-48100574,-2.505,456653017,456653017,0,44.45,1.64238E+12,1.16,1.58407E+12,-0.277,-2.581,0.239,-2.456,-5.872,-38.923,1.75133E+12,10017
cosmos,0.163542,5.9152302,26402636,0.1,273551949,456500106,9750535,200,386,586,86507712,3.276480121,3.276480121,137738,2866613,cosmos,4.21,1921851633,56,1921879888,63904268,4.23,3.97,0.211763,5.301,99272516,5.447,456494180,456500891,0,44.45,1.64238E+12,1.16,1.58407E+12,-0.258,5.301,13.971,2.921,-2.251,-36.368,1.75124E+12,11409
cosmos,0.163703,5.9070852,26388022,0.1,273190955,456347078,9747475,200,386,586,86485744,3.277462176,3.277462176,138591,2866593,cosmos,3.99,1822806944,59,1822806944,51242728,4.02,3.92,0.070599,1.799,32893927,1.838,456347727,456347727,0,44.45,1.64238E+12,1.16,1.58407E+12,-0.298,1.799,5.877,-2.319,-14.432,-40.692,1.75116E+12,9473
cosmos,0.163418,5.8836073,26373395,0.1,273577099,456194018,9744414,200,386,586,86467687,3.278595228,3.278595228,138591,2866593,cosmos,3.92,1789913018,59,1789913018,53567812,3.94,3.85,0.02201242,0.564,10929058,0.614,456194364,456194364,0,44.45,1.64238E+12,1.16,1.58407E+12,-0.164,0.564,0.294,-4.911,-17.364,-43.562,1.75107E+12,7415
cosmos,0.163329,5.8568397,26358685,0.1,273633154,456040110,9741336,200,386,586,86447585,3.279662282,3.279662282,139757,2866427,cosmos,3.9,1778983959,59,1778983959,68565772,4.06,3.9,-0.09734243,-2.434,-43763064,-2.401,456040675,456040675,0,44.45,1.64238E+12,1.16,1.58407E+12,-0.477,-2.434,-3.996,-8.198,-17.919,-42.692,1.75098E+12,8865
cosmos,0.163393,5.8556749,26343930,0.1,273433832,455885794,9738249,200,386,586,86428798,3.280786048,3.280786048,140390,2866101,cosmos,4,1822747023,58,1822747023,77524513,4.08,3.99,-0.07336651,-1.802,-30894897,-1.667,455886735,455886735,0,44.45,1.64238E+12,1.16,1.58407E+12,0.051,-1.802,-0.983,-10.588,-16.365,-42.631,1.7509E+12,7590
cosmos,0.163492,5.8752634,26329174,0.1,273173467,455731680,9735165,200,386,586,86406821,3.28179004,3.28179004,143340,2865852,cosmos,4.07,1853641919,59,1853666748,101880465,4.13,4,-0.00756527,-0.185,-4184190,-0.225,455725586,455731691,0,44.45,1.64238E+12,1.16,1.58407E+12,-0.194,-0.185,1.008,-11.48,-14.962,-40.116,1.75081E+12,10429
cosmos,0.163777,5.859308,26314452,0.1,272607592,455577813,9732087,200,386,586,86383508,3.282740146,3.282740146,143340,2865852,cosmos,4.08,1858179381,59,1858209215,94041588,4.09,3.71,0.362066,9.742,165403513,9.771,455571575,455578889,0,44.45,1.64238E+12,1.16,1.58407E+12,-0.077,9.742,-2.945,-8.086,-13.518,-39.115,1.75072E+12,10062
cosmos,0.164029,5.8537435,26299704,0.1,272096395,455423726,9729005,200,386,586,86360883,3.283720722,3.283720722,145137,2865852,cosmos,3.72,1692775868,58,1692802968,137388819,3.84,3.57,-0.04460462,-1.186,-13663084,-0.801,455417365,455424656,0,44.45,1.64238E+12,1.16,1.58407E+12,0.692,-1.186,-9.07,-13.055,-24.088,-44.929,1.75064E+12,8342
cosmos,0.164804,5.8499361,26284939,0.1,270726601,455269504,9725921,200,386,586,86338842,3.28472674,3.28472674,150905,2865531,cosmos,3.76,1706438952,58,1706438952,71935241,3.99,3.74,-0.16365315,-4.169,-81141875,-4.539,455269880,455269880,0,44.45,1.64238E+12,1.16,1.58407E+12,-0.198,-4.169,-7.995,-12.962,-27.591,-44.75,1.75055E+12,7973
cosmos,0.164915,5.8494255,26270168,0.1,270451467,455115302,9722837,200,386,586,86319215,3.285826531,3.285826531,151879,2863960,cosmos,3.93,1787202262,60,1787229029,77052748,4.07,3.85,-0.11720441,-2.899,-53029895,-2.882,455109394,455116210,0,44.45,1.64238E+12,1.16,1.58407E+12,0.46,-2.899,-4.843,-7.341,-20.711,-42.853,1.75046E+12,7130
cosmos,0.165081,5.8400852,26255390,0.1,270088388,454961069,9719752,200,386,586,86299990,3.286943748,3.286943748,152768,2863815,cosmos,4.04,1840232156,59,1840232156,68326051,4.07,3.97,0.03026386,0.754,14675237,0.804,454961194,454961194,0,44.45,1.64238E+12,1.16,1.58407E+12,-0.485,0.754,-4.82,-1.514,-16.286,-41.313,1.75038E+12,7070
cosmos,0.166879,5.8522107,26240600,0.1,267088122,454806763,9716666,200,386,586,86280060,3.288036859,3.288036859,154448,2862618,cosmos,4.01,1825556919,60,1825556919,81992628,4.07,3.93,-0.01848368,-0.458,-9174294,-0.5,454807035,454807035,0,44.45,1.64238E+12,1.16,1.58407E+12,-0.582,-0.458,-10.226,-6.485,-15.768,-39.963,1.75029E+12,7681
cosmos,0.164453,5.8665513,26225843,0.1,270936011,454652885,9713588,200,386,586,86258719,3.289073263,3.289073263,155050,2862618,cosmos,4.03,1834731213,60,1834756041,99183365,4.19,3.98,-0.12955042,-3.112,-62418670,-3.29,454647505,454653657,0,44.45,1.64238E+12,1.16,1.58407E+12,-0.119,-3.112,-12.298,-9.039,-16.822,-42.747,1.7502E+12,8172
cosmos,0.164845,5.8649537,26211112,0.1,270200193,454499273,9710516,200,386,586,86238131,3.290136298,3.290136298,155050,2862618,cosmos,4.16,1897149883,61,1897179950,87997799,4.29,4.07,0.070876,1.731,36157699,1.943,454492966,454500169,0,44.45,1.64238E+12,1.16,1.58407E+12,-0.883,1.731,-6.152,-6.635,-11.68,-42.341,1.75012E+12,8313
cosmos,0.165115,5.8638554,26196373,0.1,269666927,454345686,9707444,200,386,586,86216273,3.291153054,3.291153054,162028,2862618,cosmos,4.09,1860992184,61,1860992184,65707291,4.13,4.02,-0.00055516,-0.014,1241174,0.067,454345592,454345592,0,44.45,1.64238E+12,1.16,1.58407E+12,0.06,-0.014,-4.259,-6.375,-14.891,-42.633,1.75003E+12,8914
cosmos,0.16503,5.8636702,26181640,0.1,269715086,454192162,9704374,200,386,586,86199007,3.29234559,3.29234559,166729,2862452,cosmos,4.1,1859751010,60,1859751010,72154482,4.16,4.03,-0.03549433,-0.859,-15613925,-0.833,454192631,454192631,0,44.45,1.64238E+12,1.16,1.58407E+12,0.113,-0.859,-5.262,-5.967,-16.139,-42.46,1.74995E+12,7185
cosmos,0.165388,5.8610491,26166901,0.1,269040006,454038659,9701304,200,386,586,86182581,3.293572326,3.293572326,166729,2862452,cosmos,4.13,1875364935,62,1875395302,158451376,4.24,4.03,-0.11085237,-2.613,-52398154,-2.718,454032254,454039606,0,44.45,1.64238E+12,1.16,1.58407E+12,0.134,-2.613,-2.51,-4.017,-18.85,-44.46,1.74986E+12,6503
cosmos,0.165675,5.8546112,26152156,0.1,268484106,453885134,9698233,200,386,586,86162557,3.294663622,3.294663622,172836,2860347,cosmos,4.24,1927763088,59,1927763088,109886290,4.51,4.24,-0.27029333,-5.99,-118272283,-5.781,453885186,453885186,0,44.45,1.64238E+12,1.16,1.58407E+12,-0.288,-5.99,3.284,-9.13,-20.445,-45.657,1.74977E+12,7256
cosmos,0.165329,5.9705604,26137408,0.1,268954166,453731736,9695163,200,386,586,86143545,3.295795245,3.295795245,175373,2859790,cosmos,4.51,2046035371,61,2046035371,127093907,4.62,4.47,-0.08799216,-1.914,-38580173,-1.851,453732079,453732079,0,44.45,1.64238E+12,1.16,1.58407E+12,0.846,-1.914,5.027,-5.039,-14.568,-40.16,1.74969E+12,7349
cosmos,0.165892,5.8710757,26122857,0.1,267952220,453580344,9692135,200,386,586,86122298,3.296817726,3.296817726,181194,2858801,cosmos,4.6,2084615543,62,2084615543,142353033,4.62,4.39,0.157555,3.551,71234659,3.538,453580729,453580729,0,44.45,1.64238E+12,1.16,1.58407E+12,-0.009,3.551,3.621,-3.321,-13.548,-41.594,1.7496E+12,9181
cosmos,0.165923,5.8858668,26108138,0.1,267812273,453427266,9689073,200,386,586,86094591,3.297615134,3.297615134,183422,2858224,cosmos,4.44,2013380884,62,2013380884,98324824,4.44,4.22,0.171337,4.015,79191250,4.094,453427724,453427724,0,44.45,1.64238E+12,1.16,1.58407E+12,0.124,4.015,-0.481,-7.143,-16.003,-43.635,1.74951E+12,12170
cosmos,0.166139,5.8635062,26093443,0.1,267373066,453274447,9686017,200,386,586,86068312,3.298465135,3.298465135,186874,2858224,cosmos,4.27,1934189634,61,1934189634,76632431,4.32,4.21,-0.04428308,-1.027,-19405476,-0.993,453274562,453274562,0,44.45,1.64238E+12,1.16,1.58407E+12,-0.201,-1.027,-2.386,-10.872,-13.307,-44.849,1.74943E+12,10507
cosmos,0.166229,5.8801473,26078724,0.1,267138704,453121503,9682958,200,386,586,86047085,3.299512852,3.299512852,187193,2858224,cosmos,4.31,1953595109,62,1953653225,68570260,4.32,4.18,0.115424,2.751,52242564,2.748,453109375,453122854,0,44.45,1.64238E+12,1.16,1.58407E+12,-0.278,2.751,-0.996,-8.579,-4.588,-46.802,1.74934E+12,8529
cosmos,0.166209,5.8840082,26064029,0.1,267080213,452968767,9679903,200,386,586,86025467,3.300543711,3.300543711,188103,2858224,cosmos,4.2,1901352545,62,1901352545,106510390,4.29,4.08,0.103985,2.54,47887176,2.584,452968663,452968663,0,44.45,1.64238E+12,1.16,1.58407E+12,-0.928,2.54,-2.476,-14.274,0.51,-51.304,1.74925E+12,9616
cosmos,0.166343,5.8846455,26049343,0.1,266775790,452816227,9676852,200,386,586,86002200,3.30151129,3.30151129,189401,2857982,cosmos,4.09,1853376759,61,1853376759,123898311,4.34,4.06,-0.1904308,-4.445,-86085263,-4.439,452817359,452817359,0,44.45,1.64238E+12,1.16,1.58407E+12,-0.38,-4.445,-12.31,-21.218,0.121,-52.749,1.74917E+12,9581
cosmos,0.166411,5.8860085,26034652,0.1,266577688,452663676,9673801,200,386,586,85978058,3.302446985,3.302446985,189401,2857982,cosmos,4.28,1938989068,61,1938989068,94660902,4.46,4.26,-0.13389945,-3.031,-60072371,-3.005,452661185,452661185,0,44.45,1.64238E+12,1.16,1.58407E+12,-0.254,-3.031,-9.778,-13.494,4.295,-49.768,1.74908E+12,10128
cosmos,0.166564,5.8729446,26019963,0.1,266243096,452511177,9670752,200,386,586,85955145,3.303430716,3.303430716,189905,2857202,cosmos,4.42,1999061439,61,1999061439,96655594,4.52,4.41,-0.05145933,-1.151,-22592605,-1.118,452511489,452511489,0,44.45,1.64238E+12,1.16,1.58407E+12,-0.381,-1.151,-7.057,-8.572,8.165,-47.226,1.749E+12,10343
cosmos,0.166922,5.8783209,26005250,0.1,265581862,452358491,9667698,200,386,586,85927583,3.304239836,3.304239836,189905,2857202,cosmos,4.47,2021654044,61,2021654044,84904191,4.47,4.27,0.095927,2.194,44087743,2.229,452322491,452322491,0,44.45,1.64238E+12,1.16,1.58407E+12,0.194,2.194,-6.513,-6.226,5.48,-45.984,1.74891E+12,11785
cosmos,0.166777,5.8790352,25990550,0.1,265724341,452206012,9664648,200,386,586,85899483,3.30502752,3.30502752,190770,2856348,cosmos,4.37,1978367315,61,1978367315,72924838,4.38,4.28,0.01817564,0.417,8679366,0.441,452206613,452206613,0,44.45,1.64238E+12,1.16,1.58407E+12,0.069,0.417,-8.655,-9.82,0.821,-47.638,1.74882E+12,12192
cosmos,0.166847,5.8740004,25975850,0.1,265522352,452053584,9661600,200,386,586,85867694,3.305674078,3.305674078,192581,2856235,cosmos,4.36,1968927225,60,1968927225,101447981,4.39,4.21,0.057372,1.335,27389755,1.411,452050836,452050836,0,44.45,1.64238E+12,1.16,1.58407E+12,-0.015,1.335,-7.645,-7.627,-2.338,-47.684,1.74874E+12,14549
cosmos,0.167014,5.8694903,25961149,0.1,265167083,451901197,9658552,200,386,586,85839330,3.306453424,3.306453424,193255,2855431,cosmos,4.3,1941537471,61,1941537471,149285966,4.63,4.29,-0.32264345,-6.982,-149443925,-7.147,451891465,451891465,0,44.45,1.64238E+12,1.16,1.58407E+12,-0.402,-6.982,-12.201,-10.608,0.055,-49.776,1.74865E+12,11806
cosmos,0.167176,5.8866696,25946431,0.1,264819890,451748665,9655501,200,386,586,85814662,3.307378267,3.307378267,195370,2854117,cosmos,4.63,2092204992,62,2092204992,115223485,4.91,4.63,-0.19823174,-4.106,-85300186,-3.917,451734688,451734688,0,44.45,1.64238E+12,1.16,1.58407E+12,-0.855,-4.106,-10.889,-5.183,5.674,-46.607,1.74856E+12,9363
cosmos,0.167228,5.886784,25931749,0.1,264649808,450720626,9652459,200,386,586,85788431,3.308239294,3.308239294,194914,2853545,cosmos,4.83,2179627400,61,2179627400,113197199,4.84,4.66,0.07439,1.565,34361854,1.602,451589379,451589379,0,44.45,1.64238E+12,1.16,1.58407E+12,1.898,1.565,-2.526,-5.182,7.732,-44.767,1.74848E+12,10217
cosmos,0.167171,5.9011172,25917070,0.1,264650595,450720626,9649419,200,386,586,85761396,3.309069891,3.309069891,195665,2853053,cosmos,4.75,2144756695,63,2144756695,127929228,4.93,4.71,-0.02231573,-0.468,-7365423,-0.342,451431982,451431982,0,44.45,1.64238E+12,1.16,1.58407E+12,-0.095,-0.468,-1.673,-10.899,8.1,-45.281,1.74839E+12,10472
cosmos,0.167224,5.8953567,25902419,0.1,264478032,450720626,9646386,200,386,586,85732383,3.309821488,3.309821488,195665,2853053,cosmos,4.77,2153850653,62,2153850653,101147406,4.94,4.76,-0.01732038,-0.362,-7237351,-0.335,451289141,451289141,0,44.45,1.64238E+12,1.16,1.58407E+12,-0.266,-0.362,0.151,-9.556,3.566,-43.155,1.7483E+12,12738
cosmos,0.167299,5.8906969,25887759,0.1,264273031,450720626,9643351,200,385,585,85703474,3.310579104,3.310579104,198235,2852294,cosmos,4.79,2158630126,60,2158630126,112561407,4.8,4.6,0.071606,1.518,28747169,1.35,451139381,451139381,0,44.45,1.64238E+12,1.16,1.58407E+12,0.298,1.518,-1.234,-9.888,4.916,-43.43,1.74822E+12,11334
cosmos,0.16742,5.8805891,25873084,0.1,263990686,450720626,9640314,200,383,583,85676041,3.311396546,3.311396546,198387,2851966,cosmos,4.72,2128657925,62,2128657925,107903570,4.85,4.71,-0.08023434,-1.671,-36328590,-1.678,450955424,450955424,0,44.45,1.64238E+12,1.16,1.58407E+12,-0.023,-1.671,0.102,-10.685,2.991,-43.884,1.74813E+12,10410
cosmos,0.167314,5.8925567,25858392,0.1,264067899,450720626,9637276,200,383,583,85652289,3.312359446,3.312359446,196855,2851884,cosmos,4.8,2164986514,59,2164986514,181095713,5.33,4.8,-0.41056267,-7.88,-182948868,-7.792,450836443,450836443,0,44.45,1.64238E+12,1.16,1.58407E+12,-2.099,-7.88,-0.185,-2.483,8.209,-42.437,1.74804E+12,8780
cosmos,0.16729,5.8848586,25843730,0.1,264018018,450685811,9634244,200,383,583,85623044,3.313107048,3.313107048,196645,2851883,cosmos,5.21,2347935382,60,2347935382,150168811,5.22,4.99,0.218151,4.37,99005582,4.402,450682410,450682410,0,44.45,1.64238E+12,1.16,1.58407E+12,0.209,4.37,6.689,15.289,21.04,-39.097,1.74796E+12,10712
cosmos,0.167284,5.8821943,25829046,0.1,263938589,450534060,9631209,200,383,583,85591576,3.313772255,3.313772255,196645,2851883,cosmos,4.99,2251457560,60,2251457560,142059696,5.04,4.81,0.147635,3.048,69802168,3.2,450530640,450530640,0,44.45,1.64238E+12,1.16,1.58407E+12,0.911,3.048,-1.933,19.543,22.544,-43.549,1.74787E+12,13240
cosmos,0.167335,5.8834786,25814358,0.1,263769323,450382299,9628174,200,383,583,85562229,3.314520896,3.314520896,194839,2851125,cosmos,4.84,2182220315,60,2182220315,102213039,4.86,4.68,0.0637,1.333,30226846,1.405,450377734,450377734,0,44.45,1.64238E+12,1.16,1.58407E+12,0.344,1.333,-9.155,18.476,17.188,-45.476,1.74779E+12,11865
cosmos,0.167477,5.8802219,25799673,0.1,263457485,450230621,9625140,200,383,583,85535603,3.31537547,3.31537547,193881,2849978,cosmos,4.78,2149014748,59,2149014748,125397646,4.96,4.6,-0.11988847,-2.448,-53318701,-2.421,450215441,450215441,0,44.45,1.64238E+12,1.16,1.58407E+12,0.227,-2.448,-9.466,16.328,12.949,-41.893,1.7477E+12,10066
cosmos,0.167395,5.8746131,25784975,0.1,263497084,450078889,9622105,200,383,583,85508254,3.31620465,3.31620465,193823,2848995,cosmos,4.89,2202333448,60,2202472462,160889317,5.1,4.68,0.174399,3.695,78931002,3.717,450051834,450080242,0,44.45,1.64238E+12,1.16,1.58407E+12,1.038,3.695,-7.928,19.827,18.291,-43.154,1.74761E+12,10199
cosmos,0.167419,5.8670942,25770259,0.1,263369211,449927055,9619068,200,383,583,85480908,3.317037209,3.317037209,192679,2848995,cosmos,4.72,2123402446,60,2123402446,90291986,4.83,4.68,-0.1069984,-2.217,-48267416,-2.223,449921224,449921224,0,44.45,1.64238E+12,1.16,1.58407E+12,0.092,-2.217,-10.696,11.39,14.78,-45.742,1.74753E+12,11173
cosmos,0.168018,5.8631441,25755533,0.1,262342929,449775075,9616029,200,383,583,85458276,3.318055037,3.318055037,188277,2846757,cosmos,4.83,2171669862,60,2171669862,92998160,4.97,4.81,-0.02644366,-0.545,-8808749,-0.404,449769990,449769990,0,44.45,1.64238E+12,1.16,1.58407E+12,0.23,-0.545,-1.934,11.279,18.817,-43.159,1.74744E+12,8748
cosmos,0.167564,6.0004473,25740811,0.1,262964526,449623336,9612992,200,383,583,85433986,3.319009102,3.319009102,188277,2846757,cosmos,4.85,2180478610,59,2180478610,137027421,5.12,4.8,-0.23922955,-4.698,-108212221,-4.728,449617407,449617407,0,44.45,1.64238E+12,1.16,1.58407E+12,-0.718,-4.698,7.393,8.815,21.259,-42.727,1.74735E+12,9259
cosmos,0.153891,5.8665348,25726307,0.1,262867121,449473789,9599743,200,383,583,85403887,3.319710326,3.319710326,180931,2842322,cosmos,5.09,2285860854,59,2285860854,104814519,5.33,5.07,-0.19906476,-3.762,-92167105,-3.876,449466831,449466831,0,44.45,1.64238E+12,1.16,1.58407E+12,-0.094,-3.762,21.932,18.513,22.316,-37.434,1.74727E+12,14326
cosmos,0.153991,5.8957019,25711583,0.1,262608270,449170856,9569447,200,383,583,85372105,3.320375295,3.320375295,178096,2842200,cosmos,5.29,2378027959,57,2378027959,136497621,5.33,5.01,0.053478,1.021,24757306,1.052,449317561,449317561,0,44.45,1.64238E+12,1.16,1.58407E+12,-0.785,1.021,29.446,20.789,28.82,-37.205,1.74718E+12,14792
cosmos,0.154026,5.8710298,25696905,0.1,262460533,449170856,9569447,200,382,582,85331948,3.320709167,3.320709167,178096,2842200,cosmos,5.24,2353270652,57,2353306276,164775316,5.47,5.2,-0.07786754,-1.465,-33674228,-1.411,449165036,449171835,0,44.45,1.64238E+12,1.16,1.58407E+12,-0.808,-1.465,27.538,16.918,19.956,-38.272,1.74709E+12,17023
cosmos,0.153675,5.8750765,25682188,0.1,262970157,449019276,9554285,200,382,582,85292832,3.321088998,3.321088998,170585,2840684,cosmos,5.32,2386944880,57,2386944880,135646759,5.4,5.16,-0.06222339,-1.157,-25715446,-1.066,449019606,449019606,0,44.45,1.64238E+12,1.16,1.58407E+12,0.354,-1.157,30.159,20.955,25.058,-37.746,1.74701E+12,15165
cosmos,0.153376,5.8717059,25667479,0.1,263394125,448867779,9539137,200,382,582,85254424,3.321495812,3.321495812,170028,2840682,cosmos,5.38,2412660325,59,2412695464,161247484,5.37,4.88,0.447544,9.082,202731722,9.174,448862003,448868540,0,44.45,1.64238E+12,1.16,1.58407E+12,1.621,9.082,26.866,16.633,25.041,-37.804,1.74692E+12,16646
cosmos,0.153287,5.8699463,25652763,0.1,263457709,448716322,9523989,200,382,582,85210199,3.32167724,3.32167724,170094,2840214,cosmos,4.93,2209928604,58,2209928604,201245337,4.98,4.53,0.396315,8.749,178802140,8.803,448716661,448716661,0,44.45,1.64238E+12,1.16,1.58407E+12,0.002,8.749,13.572,7.911,8.114,-46.007,1.74684E+12,19366
cosmos,0.152918,5.8772154,25638042,0.1,264004456,448564854,9508844,200,382,582,85172331,3.322107476,3.322107476,170094,2840214,cosmos,4.53,2031126464,60,2031158142,114921899,4.56,4.16,0.359118,8.614,161418515,8.633,448558671,448565667,0,44.45,1.64238E+12,1.16,1.58407E+12,0.207,8.614,1.529,-1.197,7.71,-50.219,1.74675E+12,16177
cosmos,0.153428,5.8787707,25623332,0.1,263039222,448413530,9493711,200,382,582,85136764,3.322626581,3.322626581,172594,2840173,cosmos,4.17,1869707948,61,1869707948,114892558,4.18,4.09,0.055029,1.337,25453438,1.38,448413653,448413653,0,44.45,1.64238E+12,1.16,1.58407E+12,-0.088,1.337,-2.952,-6.003,-4.686,-53.562,1.74666E+12,15689
cosmos,0.153079,6.0418356,25608671,0.1,263550082,448263198,9478639,200,382,582,85108155,3.323411629,3.323411629,174692,2839447,cosmos,4.11,1844254510,62,1844282597,79465431,4.11,4.01,0.04406327,1.083,20102112,1.102,448257214,448264041,0,44.45,1.64238E+12,1.16,1.58407E+12,0.566,1.083,-6.093,-4.407,-7.532,-55.561,1.74658E+12,12259
cosmos,0.152963,5.9086615,25594269,0.1,263663157,448115134,9463832,200,382,582,85084551,3.324359488,3.324359488,175579,2838472,cosmos,4.07,1824152399,62,1824152399,87438944,4.19,4.06,-0.02587154,-0.631,-9781382,-0.533,448115175,448115175,0,44.45,1.64238E+12,1.16,1.58407E+12,-0.818,-0.631,-9.132,-0.062,-14.886,-56.298,1.74649E+12,10070
cosmos,0.153144,5.8819559,25579625,0.1,263263369,447964650,9448783,200,382,582,85054216,3.325076736,3.325076736,176638,2838289,cosmos,4.1,1833933780,62,1833933780,75363097,4.24,4.08,-0.13227853,-3.129,-59167327,-3.125,447964661,447964661,0,44.45,1.64238E+12,1.16,1.58407E+12,0.27,-3.129,-6.821,-0.927,-17.675,-52.875,1.7464E+12,11981
cosmos,0.153315,5.8784179,25564931,0.1,262880848,447813724,9433691,200,382,582,85022052,3.325729766,3.325729766,176808,2837680,cosmos,4.23,1894951622,61,1894951622,62273239,4.37,4.19,-0.13769429,-3.154,-59059977,-3.022,447814012,447814012,0,44.45,1.64238E+12,1.16,1.58407E+12,-0.24,-3.154,-8.248,-0.035,-9.599,-51.95,1.74632E+12,11362
cosmos,0.153334,5.8749219,25550226,0.1,262760137,447662684,9418588,200,382,582,84989113,3.326354648,3.326354648,178099,2837680,cosmos,4.37,1954341189,60,1954369922,74789745,4.5,4.34,-0.0646767,-1.46,-28307954,-1.428,447657058,447663639,0,44.45,1.64238E+12,1.16,1.58407E+12,0.634,-1.46,-4.367,5.529,4.395,-49.783,1.74623E+12,12136
cosmos,0.153152,5.8783402,25535520,0.1,262983304,447511716,9403490,200,382,582,84957340,3.327026041,3.327026041,177868,2837568,cosmos,4.43,1984289085,60,1984289085,71003706,4.48,4.3,0.128979,2.998,60334710,3.136,447512250,447512250,0,44.45,1.64238E+12,1.16,1.58407E+12,-0.713,2.998,-3.327,7.752,0.784,-48.961,1.74614E+12,12014
cosmos,0.153195,5.8757516,25520829,0.1,262819919,447360963,9388415,200,382,582,84923598,3.327619099,3.327619099,178344,2836880,cosmos,4.3,1923954375,60,1923983499,82090551,4.42,4.25,-0.0778742,-1.778,-31027037,-1.587,447355145,447361917,0,44.45,1.64238E+12,1.16,1.58407E+12,0.059,-1.778,-3.026,5.884,-1.627,-48.627,1.74606E+12,14542
